       1,       1,       0,       0,       0
       2,       1,       1,       1,       1,       1,       1,       1
       3,       1,       2,       3,       3,       3,       2,       2,       2,       1
       4,       1,       3,       5,       7,       8,       8,       4,       1,       0
       5,       1,       3,       7,      11,      14,      15,       9,       1,       0
       6,       1,       5,      12,      21,      24,      15,       9,       4,       0
       7,       1,       6,      14,      24,      33,      31,      14,       3,       1
       8,       1,       6,      22,      42,      48,      32,      14,       4,       0
       9,       1,       8,      26,      59,      70,      44,       9,       0,       0
      10,       1,       7,      32,      74,      92,      54,      11,       0,       0
      11,       1,       9,      39,      96,     115,      62,       9,       0,       0
      12,       1,      10,      44,     112,     142,      78,      10,       0,       0
      13,       1,      10,      52,     132,     175,      91,       8,       0,       0
      14,       1,      13,      61,     175,     204,      90,       3,       0,       0
      15,       1,      11,      73,     215,     238,      91,       2,       0,       0
      16,       1,      14,      81,     231,     280,     110,       4,       0,       0
      17,       1,      13,      85,     280,     323,     109,       6,       0,       0
      18,       1,      16,      98,     316,     371,     112,       5,       0,       0
      19,       1,      17,     117,     371,     416,     105,       0,       0,       0
      20,       1,      15,     121,     417,     474,     113,       0,       0,       0
      21,       1,      19,     144,     479,     517,     100,       1,       0,       0
      22,       1,      18,     152,     538,     562,     116,       0,       0,       0
      23,       1,      21,     170,     601,     616,     110,       0,       0,       0
      24,       1,      19,     176,     677,     682,     102,       0,       0,       0
      25,       1,      22,     196,     735,     732,     115,       0,       0,       0
      26,       1,      22,     214,     830,     779,     105,       0,       0,       0
      27,       1,      22,     219,     888,     861,     116,       0,       0,       0
      28,       1,      25,     247,     954,     922,     120,       0,       0,       0
      29,       1,      23,     252,    1061,     984,     116,       0,       0,       0
      30,       1,      27,     296,    1173,    1011,     103,       0,       0,       0
      31,       1,      27,     302,    1258,    1097,     106,       0,       0,       0
      32,       1,      27,     323,    1377,    1158,      91,       0,       0,       0
      33,       1,      28,     333,    1470,    1240,      97,       0,       0,       0
      34,       1,      28,     362,    1590,    1316,      70,       0,       0,       0
      35,       1,      30,     359,    1677,    1417,      87,       0,       0,       0
      36,       1,      31,     397,    1808,    1447,      97,       0,       0,       0
      37,       1,      30,     417,    1928,    1546,      75,       0,       0,       0
      38,       1,      34,     449,    2065,    1603,      67,       0,       0,       0
      39,       1,      33,     466,    2167,    1715,      65,       0,       0,       0
      40,       1,      34,     502,    2352,    1738,      54,       0,       0,       0
      41,       1,      36,     498,    2467,    1860,      59,       0,       0,       0
      42,       1,      35,     552,    2600,    1920,      59,       0,       0,       0
      43,       1,      38,     569,    2773,    1967,      71,       0,       0,       0
      44,       1,      37,     599,    2935,    2048,      57,       0,       0,       0
      45,       1,      41,     630,    3058,    2154,      57,       0,       0,       0
      46,       1,      39,     654,    3231,    2239,      47,       0,       0,       0
      47,       1,      40,     690,    3441,    2277,      38,       0,       0,       0
      48,       1,      42,     719,    3632,    2332,      43,       0,       0,       0
      49,       1,      41,     712,    3755,    2510,      38,       0,       0,       0
      50,       1,      45,     784,    3942,    2537,      42,       0,       0,       0
      51,       1,      42,     796,    4223,    2564,      25,       0,       0,       0
      52,       1,      46,     828,    4339,    2705,      38,       0,       0,       0
      53,       1,      46,     872,    4581,    2737,      32,       0,       0,       0
      54,       1,      46,     890,    4748,    2877,      25,       0,       0,       0
      55,       1,      47,     933,    4940,    2964,      26,       0,       0,       0
      56,       1,      46,     942,    5190,    3041,      21,       0,       0,       0
      57,       1,      53,    1037,    5446,    3027,      13,       0,       0,       0
      58,       1,      48,    1003,    5578,    3266,      23,       0,       0,       0
      59,       1,      51,    1066,    5857,    3286,       6,       0,       0,       0
      60,       1,      52,    1115,    6092,    3344,      17,       0,       0,       0
      61,       1,      52,    1101,    6310,    3506,      11,       0,       0,       0
      62,       1,      56,    1191,    6560,    3531,       8,       0,       0,       0
      63,       1,      54,    1184,    6823,    3644,      13,       0,       0,       0
      64,       1,      54,    1251,    7017,    3758,      16,       0,       0,       0
      65,       1,      59,    1306,    7298,    3810,       7,       0,       0,       0
      66,       1,      56,    1355,    7731,    3727,       1,       0,       0,       0
      67,       1,      58,    1360,    7849,    3990,       9,       0,       0,       0
      68,       1,      59,    1435,    8146,    4025,       3,       0,       0,       0
      69,       1,      58,    1439,    8461,    4113,       5,       0,       0,       0
      70,       1,      62,    1477,    8646,    4302,       3,       0,       0,       0
      71,       1,      61,    1567,    9031,    4251,       0,       0,       0,       0
      72,       1,      64,    1596,    9321,    4352,       3,       0,       0,       0
      73,       1,      62,    1619,    9520,    4564,       3,       0,       0,       0
      74,       1,      65,    1671,    9970,    4499,       1,       0,       0,       0
      75,       1,      64,    1712,   10225,    4647,       2,       0,       0,       0
      76,       1,      66,    1760,   10460,    4812,       2,       0,       0,       0
      77,       1,      67,    1792,   10877,    4818,       2,       0,       0,       0
      78,       1,      67,    1862,   11209,    4878,       2,       0,       0,       0
      79,       1,      72,    1936,   11488,    4988,       2,       0,       0,       0
      80,       1,      66,    1926,   11899,    5067,       2,       0,       0,       0
      81,       1,      70,    1971,   12193,    5205,       1,       0,       0,       0
      82,       1,      72,    2023,   12468,    5358,       5,       0,       0,       0
      83,       1,      71,    2088,   12910,    5349,       0,       0,       0,       0
      84,       1,      74,    2171,   13295,    5376,       0,       0,       0,       0
      85,       1,      70,    2173,   13575,    5600,       2,       0,       0,       0
      86,       1,      79,    2277,   13956,    5617,       1,       0,       0,       0
      87,       1,      75,    2306,   14341,    5723,       1,       0,       0,       0
      88,       1,      77,    2406,   14597,    5888,       0,       0,       0,       0
      89,       1,      76,    2384,   15187,    5849,       0,       0,       0,       0
      90,       1,      79,    2474,   15396,    6080,       1,       0,       0,       0
      91,       1,      80,    2502,   15802,    6186,       0,       0,       0,       0
      92,       1,      81,    2616,   16235,    6184,       0,       0,       0,       0
      93,       1,      82,    2679,   16795,    6112,       0,       0,       0,       0
      94,       1,      81,    2713,   17124,    6308,       0,       0,       0,       0
      95,       1,      81,    2765,   17556,    6388,       0,       0,       0,       0
      96,       1,      84,    2835,   17985,    6455,       1,       0,       0,       0
      97,       1,      84,    2830,   18416,    6606,       0,       0,       0,       0
      98,       1,      85,    2875,   18815,    6743,       0,       0,       0,       0
      99,       1,      86,    2989,   19277,    6754,       0,       0,       0,       0
     100,       1,      85,    3046,   19682,    6887,       0,       0,       0,       0
     101,       1,      88,    3067,   20065,    7079,       1,       0,       0,       0
     102,       1,      87,    3152,   20599,    7068,       0,       0,       0,       0
     103,       1,      88,    3137,   20977,    7315,       1,       0,       0,       0
     104,       1,      89,    3254,   21403,    7390,       0,       0,       0,       0
     105,       1,      93,    3363,   21930,    7374,       0,       0,       0,       0
     106,       1,      95,    3441,   22257,    7597,       0,       0,       0,       0
     107,       1,      88,    3425,   22758,    7755,       0,       0,       0,       0
     108,       1,      99,    3611,   23308,    7650,       0,       0,       0,       0
     109,       1,      93,    3559,   23791,    7872,       1,       0,       0,       0
     110,       1,      97,    3694,   24358,    7821,       0,       0,       0,       0
     111,       1,      97,    3738,   24833,    7962,       0,       0,       0,       0
     112,       1,      94,    3780,   25285,    8137,       0,       0,       0,       0
     113,       1,     101,    3888,   25754,    8225,       0,       0,       0,       0
     114,       1,      97,    3967,   26286,    8296,       0,       0,       0,       0
     115,       1,     104,    4049,   26847,    8330,       0,       0,       0,       0
     116,       1,     100,    4052,   27415,    8453,       0,       0,       0,       0
     117,       1,     103,    4155,   27877,    8581,       0,       0,       0,       0
     118,       1,     101,    4236,   28263,    8818,       0,       0,       0,       0
     119,       1,     104,    4297,   29009,    8716,       0,       0,       0,       0
     120,       1,     106,    4428,   29626,    8680,       0,       0,       0,       0
     121,       1,     105,    4374,   30061,    9020,       0,       0,       0,       0
     122,       1,     104,    4506,   30666,    9010,       0,       0,       0,       0
     123,       1,     107,    4561,   31322,    9028,       0,       0,       0,       0
     124,       1,     111,    4664,   31684,    9297,       0,       0,       0,       0
     125,       1,     107,    4746,   32321,    9326,       0,       0,       0,       0
     126,       1,     113,    4818,   32954,    9365,       0,       0,       0,       0
     127,       1,     111,    4925,   33374,    9596,       0,       0,       0,       0
     128,       1,     112,    4993,   34208,    9455,       0,       0,       0,       0
     129,       1,     112,    5065,   34638,    9721,       0,       0,       0,       0
     130,       1,     116,    5131,   35171,    9892,       0,       0,       0,       0
     131,       1,     112,    5244,   35818,    9916,       0,       0,       0,       0
     132,       1,     118,    5341,   36485,    9932,       0,       0,       0,       0
     133,       1,     117,    5347,   36996,   10208,       0,       0,       0,       0
     134,       1,     116,    5477,   37722,   10151,       0,       0,       0,       0
     135,       1,     120,    5575,   38186,   10389,       0,       0,       0,       0
     136,       1,     115,    5615,   39032,   10318,       0,       0,       0,       0
     137,       1,     122,    5693,   39522,   10559,       0,       0,       0,       0
     138,       1,     118,    5743,   40366,   10491,       0,       0,       0,       0
     139,       1,     123,    5862,   40690,   10871,       0,       0,       0,       0
     140,       1,     122,    5947,   41417,   10894,       0,       0,       0,       0
     141,       1,     122,    6067,   42085,   10946,       0,       0,       0,       0
     142,       1,     128,    6161,   42703,   11074,       0,       0,       0,       0
     143,       1,     121,    6166,   43456,   11175,       0,       0,       0,       0
     144,       1,     129,    6391,   44144,   11112,       0,       0,       0,       0
     145,       1,     126,    6362,   44745,   11407,       0,       0,       0,       0
     146,       1,     129,    6551,   45478,   11352,       0,       0,       0,       0
     147,       1,     128,    6544,   46301,   11413,       0,       0,       0,       0
     148,       1,     129,    6667,   46822,   11650,       0,       0,       0,       0
     149,       1,     129,    6780,   47654,   11593,       0,       0,       0,       0
     150,       1,     132,    6789,   48315,   11814,       0,       0,       0,       0
     151,       1,     133,    6934,   48931,   11952,       0,       0,       0,       0
     152,       1,     130,    7021,   49712,   11993,       0,       0,       0,       0
     153,       1,     133,    7031,   50518,   12086,       0,       0,       0,       0
     154,       1,     135,    7187,   51320,   12044,       0,       0,       0,       0
     155,       1,     136,    7340,   51882,   12252,       0,       0,       0,       0
     156,       1,     136,    7421,   52594,   12389,       0,       0,       0,       0
     157,       1,     140,    7459,   53397,   12480,       0,       0,       0,       0
     158,       1,     136,    7585,   54209,   12488,       0,       0,       0,       0
     159,       1,     141,    7698,   55019,   12508,       0,       0,       0,       0
     160,       1,     136,    7698,   55610,   12876,       0,       0,       0,       0
     161,       1,     141,    7829,   56545,   12765,       0,       0,       0,       0
     162,       1,     141,    7924,   57363,   12818,       0,       0,       0,       0
     163,       1,     141,    8045,   57965,   13067,       0,       0,       0,       0
     164,       1,     148,    8166,   58557,   13325,       0,       0,       0,       0
     165,       1,     140,    8273,   59557,   13210,       0,       0,       0,       0
     166,       1,     146,    8351,   60224,   13449,       0,       0,       0,       0
     167,       1,     145,    8358,   61121,   13542,       0,       0,       0,       0
     168,       1,     146,    8487,   62126,   13409,       0,       0,       0,       0
     169,       1,     150,    8643,   62464,   13919,       0,       0,       0,       0
     170,       1,     147,    8857,   63544,   13642,       0,       0,       0,       0
     171,       1,     147,    8866,   64448,   13749,       0,       0,       0,       0
     172,       1,     152,    8953,   65172,   13959,       0,       0,       0,       0
     173,       1,     154,    9068,   65956,   14090,       0,       0,       0,       0
     174,       1,     149,    9158,   66950,   14049,       0,       0,       0,       0
     175,       1,     155,    9239,   67573,   14383,       0,       0,       0,       0
     176,       1,     151,    9386,   68690,   14173,       0,       0,       0,       0
     177,       1,     155,    9386,   69611,   14304,       0,       0,       0,       0
     178,       1,     157,    9656,   70109,   14596,       0,       0,       0,       0
     179,       1,     157,    9688,   71075,   14666,       0,       0,       0,       0
     180,       1,     154,    9800,   72142,   14564,       0,       0,       0,       0
     181,       1,     158,    9833,   72787,   14962,       0,       0,       0,       0
     182,       1,     159,    9907,   73688,   15072,       0,       0,       0,       0
     183,       1,     160,   10136,   74740,   14882,       0,       0,       0,       0
     184,       1,     163,   10261,   75376,   15216,       0,       0,       0,       0
     185,       1,     162,   10442,   76430,   15086,       0,       0,       0,       0
     186,       1,     163,   10456,   77391,   15220,       0,       0,       0,       0
     187,       1,     159,   10455,   78205,   15527,       0,       0,       0,       0
     188,       1,     170,   10688,   79146,   15464,       0,       0,       0,       0
     189,       1,     164,   10792,   80230,   15410,       0,       0,       0,       0
     190,       1,     164,   10868,   80788,   15910,       0,       0,       0,       0
     191,       1,     173,   11166,   81997,   15534,       0,       0,       0,       0
     192,       1,     164,   11243,   82825,   15784,       0,       0,       0,       0
     193,       1,     172,   11191,   83848,   15957,       0,       0,       0,       0
     194,       1,     167,   11401,   84470,   16288,       0,       0,       0,       0
     195,       1,     172,   11502,   85550,   16266,       0,       0,       0,       0
     196,       1,     172,   11617,   86409,   16462,       0,       0,       0,       0
     197,       1,     172,   11770,   87713,   16181,       0,       0,       0,       0
     198,       1,     174,   11923,   88489,   16432,       0,       0,       0,       0
     199,       1,     173,   11920,   89381,   16732,       0,       0,       0,       0
     200,       1,     175,   12084,   90368,   16773,       0,       0,       0,       0
     201,       1,     176,   12145,   91621,   16658,       0,       0,       0,       0
     202,       1,     177,   12380,   92236,   17013,       0,       0,       0,       0
     203,       1,     176,   12470,   93360,   17012,       0,       0,       0,       0
     204,       1,     178,   12613,   94596,   16849,       0,       0,       0,       0
     205,       1,     177,   12621,   95392,   17270,       0,       0,       0,       0
     206,       1,     181,   12692,   96691,   17126,       0,       0,       0,       0
     207,       1,     178,   12918,   97344,   17486,       0,       0,       0,       0
     208,       1,     181,   13030,   98277,   17680,       0,       0,       0,       0
     209,       1,     186,   13113,   99352,   17765,       0,       0,       0,       0
     210,       1,     184,   13382,  100727,   17377,       0,       0,       0,       0
     211,       1,     184,   13489,  101288,   17969,       0,       0,       0,       0
     212,       1,     187,   13610,  102485,   17914,       0,       0,       0,       0
     213,       1,     190,   13722,  103585,   17971,       0,       0,       0,       0
     214,       1,     183,   13813,  104680,   18070,       0,       0,       0,       0
     215,       1,     194,   13947,  105782,   18107,       0,       0,       0,       0
     216,       1,     186,   14070,  106781,   18283,       0,       0,       0,       0
     217,       1,     191,   14188,  107664,   18573,       0,       0,       0,       0
     218,       1,     192,   14377,  108792,   18557,       0,       0,       0,       0
     219,       1,     186,   14432,  110141,   18467,       0,       0,       0,       0
     220,       1,     196,   14645,  110997,   18702,       0,       0,       0,       0
     221,       1,     191,   14692,  112291,   18686,       0,       0,       0,       0
     222,       1,     194,   14815,  113166,   19011,       0,       0,       0,       0
     223,       1,     192,   14891,  114446,   18989,       0,       0,       0,       0
     224,       1,     198,   15129,  115401,   19128,       0,       0,       0,       0
     225,       1,     200,   15292,  116649,   19059,       0,       0,       0,       0
     226,       1,     197,   15462,  117427,   19464,       0,       0,       0,       0
     227,       1,     198,   15557,  118795,   19356,       0,       0,       0,       0
     228,       1,     195,   15630,  120088,   19355,       0,       0,       0,       0
     229,       1,     204,   15821,  121124,   19487,       0,       0,       0,       0
     230,       1,     201,   15875,  122467,   19467,       0,       0,       0,       0
     231,       1,     204,   16164,  123552,   19470,       0,       0,       0,       0
     232,       1,     206,   16365,  124218,   19987,       0,       0,       0,       0
     233,       1,     200,   16297,  125699,   19972,       0,       0,       0,       0
     234,       1,     204,   16619,  126692,   20051,       0,       0,       0,       0
     235,       1,     207,   16601,  127989,   20173,       0,       0,       0,       0
     236,       1,     209,   16951,  129137,   20083,       0,       0,       0,       0
     237,       1,     209,   17075,  130294,   20218,       0,       0,       0,       0
     238,       1,     208,   17160,  131518,   20332,       0,       0,       0,       0
     239,       1,     207,   17139,  132743,   20557,       0,       0,       0,       0
     240,       1,     208,   17416,  134264,   20192,       0,       0,       0,       0
     241,       1,     209,   17438,  134988,   20885,       0,       0,       0,       0
     242,       1,     218,   17711,  136195,   20842,       0,       0,       0,       0
     243,       1,     208,   17738,  137696,   20776,       0,       0,       0,       0
     244,       1,     216,   17963,  138762,   20935,       0,       0,       0,       0
     245,       1,     215,   18036,  139844,   21245,       0,       0,       0,       0
     246,       1,     217,   18352,  141247,   20994,       0,       0,       0,       0
     247,       1,     215,   18281,  142258,   21532,       0,       0,       0,       0
     248,       1,     212,   18496,  143803,   21257,       0,       0,       0,       0
     249,       1,     222,   18758,  144973,   21303,       0,       0,       0,       0
     250,       1,     219,   18813,  145993,   21725,       0,       0,       0,       0
     251,       1,     221,   19018,  147435,   21576,       0,       0,       0,       0
     252,       1,     221,   19145,  148846,   21544,       0,       0,       0,       0
     253,       1,     225,   19344,  149766,   21933,       0,       0,       0,       0
     254,       1,     219,   19509,  151061,   21997,       0,       0,       0,       0
     255,       1,     223,   19567,  152850,   21670,       0,       0,       0,       0
     256,       1,     229,   19849,  153693,   22069,       0,       0,       0,       0
     257,       1,     216,   19688,  155244,   22228,       0,       0,       0,       0
     258,       1,     233,   20062,  156193,   22430,       0,       0,       0,       0
     259,       1,     224,   20134,  157605,   22503,       0,       0,       0,       0
     260,       1,     229,   20445,  158736,   22610,       0,       0,       0,       0
     261,       1,     235,   20689,  160271,   22385,       0,       0,       0,       0
     262,       1,     226,   20809,  161220,   22891,       0,       0,       0,       0
     263,       1,     232,   20830,  162852,   22804,       0,       0,       0,       0
     264,       1,     235,   21135,  164387,   22539,       0,       0,       0,       0
     265,       1,     226,   21075,  165692,   22887,       0,       0,       0,       0
     266,       1,     234,   21211,  166977,   23048,       0,       0,       0,       0
     267,       1,     233,   21551,  168232,   23050,       0,       0,       0,       0
     268,       1,     239,   21804,  169519,   23106,       0,       0,       0,       0
     269,       1,     235,   21781,  170867,   23393,       0,       0,       0,       0
     270,       1,     236,   22089,  172248,   23317,       0,       0,       0,       0
     271,       1,     242,   22108,  173445,   23715,       0,       0,       0,       0
     272,       1,     234,   22274,  175257,   23371,       0,       0,       0,       0
     273,       1,     243,   22416,  176636,   23473,       0,       0,       0,       0
     274,       1,     238,   22738,  177845,   23585,       0,       0,       0,       0
     275,       1,     237,   22852,  179331,   23630,       0,       0,       0,       0
     276,       1,     246,   23092,  180321,   24041,       0,       0,       0,       0
     277,       1,     243,   23146,  181587,   24380,       0,       0,       0,       0
     278,       1,     245,   23294,  183686,   23793,       0,       0,       0,       0
     279,       1,     241,   23369,  185075,   24001,       0,       0,       0,       0
     280,       1,     250,   23750,  185989,   24371,       0,       0,       0,       0
     281,       1,     239,   23799,  187661,   24341,       0,       0,       0,       0
     282,       1,     253,   24125,  189136,   24212,       0,       0,       0,       0
     283,       1,     248,   24157,  190341,   24672,       0,       0,       0,       0
     284,       1,     246,   24257,  191968,   24645,       0,       0,       0,       0
     285,       1,     253,   24587,  193211,   24769,       0,       0,       0,       0
     286,       1,     244,   24483,  194540,   25263,       0,       0,       0,       0
     287,       1,     262,   25063,  195972,   24949,       0,       0,       0,       0
     288,       1,     253,   25076,  197700,   24939,       0,       0,       0,       0
     289,       1,     250,   25222,  199041,   25183,       0,       0,       0,       0
     290,       1,     258,   25285,  200716,   25171,       0,       0,       0,       0
     291,       1,     253,   25610,  202135,   25172,       0,       0,       0,       0
     292,       1,     256,   25666,  203416,   25578,       0,       0,       0,       0
     293,       1,     258,   25751,  205357,   25302,       0,       0,       0,       0
     294,       1,     257,   26086,  206600,   25483,       0,       0,       0,       0
     295,       1,     259,   26179,  208114,   25638,       0,       0,       0,       0
     296,       1,     256,   26405,  209544,   25755,       0,       0,       0,       0
     297,       1,     262,   26598,  211330,   25546,       0,       0,       0,       0
     298,       1,     266,   26759,  212590,   25903,       0,       0,       0,       0
     299,       1,     259,   26898,  214328,   25821,       0,       0,       0,       0
     300,       1,     264,   27377,  215785,   25674,       0,       0,       0,       0
     301,       1,     260,   27116,  217231,   26293,       0,       0,       0,       0
     302,       1,     263,   27517,  218768,   26158,       0,       0,       0,       0
     303,       1,     261,   27633,  220504,   26120,       0,       0,       0,       0
     304,       1,     272,   27875,  221654,   26535,       0,       0,       0,       0
     305,       1,     269,   27806,  223593,   26492,       0,       0,       0,       0
     306,       1,     264,   28180,  225128,   26418,       0,       0,       0,       0
     307,       1,     270,   28160,  226674,   26722,       0,       0,       0,       0
     308,       1,     264,   28559,  228284,   26561,       0,       0,       0,       0
     309,       1,     277,   28867,  229974,   26398,       0,       0,       0,       0
     310,       1,     273,   28925,  231019,   27153,       0,       0,       0,       0
     311,       1,     274,   29193,  232980,   26783,       0,       0,       0,       0
     312,       1,     273,   29494,  234311,   27018,       0,       0,       0,       0
     313,       1,     269,   29340,  236103,   27256,       0,       0,       0,       0
     314,       1,     285,   29897,  237544,   27120,       0,       0,       0,       0
     315,       1,     269,   29856,  239399,   27206,       0,       0,       0,       0
     316,       1,     283,   30204,  240733,   27400,       0,       0,       0,       0
     317,       1,     281,   30406,  242262,   27567,       0,       0,       0,       0
     318,       1,     277,   30630,  244036,   27475,       0,       0,       0,       0
     319,       1,     281,   30541,  245663,   27841,       0,       0,       0,       0
     320,       1,     278,   30864,  247187,   27911,       0,       0,       0,       0
     321,       1,     283,   31056,  249380,   27441,       0,       0,       0,       0
     322,       1,     282,   31196,  250385,   28223,       0,       0,       0,       0
     323,       1,     280,   31398,  252488,   27852,       0,       0,       0,       0
     324,       1,     285,   31560,  254230,   27881,       0,       0,       0,       0
     325,       1,     288,   31810,  255664,   28138,       0,       0,       0,       0
     326,       1,     288,   32237,  257190,   28135,       0,       0,       0,       0
     327,       1,     287,   32186,  259356,   27977,       0,       0,       0,       0
     328,       1,     290,   32537,  260161,   28780,       0,       0,       0,       0
     329,       1,     289,   32540,  262421,   28486,       0,       0,       0,       0
     330,       1,     287,   32940,  264074,   28409,       0,       0,       0,       0
     331,       1,     293,   33032,  265821,   28544,       0,       0,       0,       0
     332,       1,     290,   33260,  267542,   28584,       0,       0,       0,       0
     333,       1,     291,   33480,  269421,   28476,       0,       0,       0,       0
     334,       1,     298,   33699,  270929,   28740,       0,       0,       0,       0
     335,       1,     291,   33754,  272918,   28707,       0,       0,       0,       0
     336,       1,     297,   34018,  274405,   28960,       0,       0,       0,       0
     337,       1,     288,   33976,  276019,   29413,       0,       0,       0,       0
     338,       1,     305,   34532,  277796,   29085,       0,       0,       0,       0
     339,       1,     297,   34819,  279633,   28997,       0,       0,       0,       0
     340,       1,     298,   34958,  281283,   29241,       0,       0,       0,       0
     341,       1,     303,   35040,  283027,   29450,       0,       0,       0,       0
     342,       1,     293,   35299,  284865,   29409,       0,       0,       0,       0
     343,       1,     306,   35464,  286500,   29648,       0,       0,       0,       0
     344,       1,     299,   35670,  288523,   29484,       0,       0,       0,       0
     345,       1,     303,   35964,  289932,   29841,       0,       0,       0,       0
     346,       1,     305,   35999,  291945,   29861,       0,       0,       0,       0
     347,       1,     300,   36027,  293853,   30006,       0,       0,       0,       0
     348,       1,     305,   36441,  295927,   29595,       0,       0,       0,       0
     349,       1,     302,   36202,  297324,   30528,       0,       0,       0,       0
     350,       1,     310,   36866,  299433,   29841,       0,       0,       0,       0
     351,       1,     308,   37115,  301146,   29981,       0,       0,       0,       0
     352,       1,     308,   37415,  302495,   30438,       0,       0,       0,       0
     353,       1,     307,   37425,  304548,   30488,       0,       0,       0,       0
     354,       1,     311,   37650,  306471,   30454,       0,       0,       0,       0
     355,       1,     312,   37953,  308007,   30738,       0,       0,       0,       0
     356,       1,     313,   38124,  310019,   30684,       0,       0,       0,       0
     357,       1,     314,   38427,  311843,   30692,       0,       0,       0,       0
     358,       1,     318,   38582,  313712,   30806,       0,       0,       0,       0
     359,       1,     310,   38720,  315963,   30573,       0,       0,       0,       0
     360,       1,     316,   38953,  317816,   30635,       0,       0,       0,       0
     361,       1,     315,   39097,  319324,   31144,       0,       0,       0,       0
     362,       1,     321,   39517,  321118,   31090,       0,       0,       0,       0
     363,       1,     321,   39642,  323156,   31099,       0,       0,       0,       0
     364,       1,     311,   39581,  324744,   31760,       0,       0,       0,       0
     365,       1,     330,   40350,  326822,   31078,       0,       0,       0,       0
     366,       1,     314,   40359,  329064,   31033,       0,       0,       0,       0
     367,       1,     326,   40434,  330842,   31364,       0,       0,       0,       0
     368,       1,     327,   40982,  332102,   31757,       0,       0,       0,       0
     369,       1,     321,   41065,  334568,   31422,       0,       0,       0,       0
     370,       1,     329,   41219,  336330,   31712,       0,       0,       0,       0
     371,       1,     317,   41273,  338409,   31811,       0,       0,       0,       0
     372,       1,     331,   41877,  340154,   31674,       0,       0,       0,       0
     373,       1,     327,   41565,  342033,   32343,       0,       0,       0,       0
     374,       1,     329,   42213,  344071,   31893,       0,       0,       0,       0
     375,       1,     328,   42240,  346313,   31869,       0,       0,       0,       0
     376,       1,     332,   42388,  348075,   32205,       0,       0,       0,       0
     377,       1,     333,   42921,  350045,   31957,       0,       0,       0,       0
     378,       1,     330,   43049,  351972,   32167,       0,       0,       0,       0
     379,       1,     334,   43168,  353606,   32678,       0,       0,       0,       0
     380,       1,     329,   43604,  355833,   32294,       0,       0,       0,       0
     381,       1,     337,   43611,  357863,   32529,       0,       0,       0,       0
     382,       1,     337,   43963,  359660,   32666,       0,       0,       0,       0
     383,       1,     333,   44200,  361700,   32685,       0,       0,       0,       0
     384,       1,     340,   44444,  364071,   32361,       0,       0,       0,       0
     385,       1,     338,   44369,  365814,   32999,       0,       0,       0,       0
     386,       1,     340,   44851,  368011,   32628,       0,       0,       0,       0
     387,       1,     345,   45231,  370078,   32492,       0,       0,       0,       0
     388,       1,     334,   45442,  371634,   33058,       0,       0,       0,       0
     389,       1,     346,   45607,  373410,   33433,       0,       0,       0,       0
     390,       1,     344,   45773,  376014,   32999,       0,       0,       0,       0
     391,       1,     342,   46127,  377649,   33352,       0,       0,       0,       0
     392,       1,     350,   46401,  379848,   33217,       0,       0,       0,       0
     393,       1,     337,   46683,  381848,   33300,       0,       0,       0,       0
     394,       1,     351,   46595,  384103,   33477,       0,       0,       0,       0
     395,       1,     342,   46805,  386195,   33548,       0,       0,       0,       0
     396,       1,     351,   47442,  387797,   33670,       0,       0,       0,       0
     397,       1,     349,   47395,  390075,   33817,       0,       0,       0,       0
     398,       1,     345,   47740,  392360,   33573,       0,       0,       0,       0
     399,       1,     359,   47903,  394642,   33502,       0,       0,       0,       0
     400,       1,     344,   48103,  396516,   33837,       0,       0,       0,       0
     401,       1,     354,   48540,  398282,   34024,       0,       0,       0,       0
     402,       1,     357,   48581,  400870,   33798,       0,       0,       0,       0
     403,       1,     350,   48959,  402590,   34119,       0,       0,       0,       0
     404,       1,     351,   49074,  404768,   34243,       0,       0,       0,       0
     405,       1,     358,   49265,  407269,   33968,       0,       0,       0,       0
     406,       1,     358,   49832,  408403,   34697,       0,       0,       0,       0
     407,       1,     355,   49828,  410932,   34611,       0,       0,       0,       0
     408,       1,     362,   50483,  413344,   33979,       0,       0,       0,       0
     409,       1,     354,   50185,  415742,   34335,       0,       0,       0,       0
     410,       1,     361,   50486,  417798,   34425,       0,       0,       0,       0
     411,       1,     362,   50703,  419939,   34526,       0,       0,       0,       0
     412,       1,     357,   50685,  422395,   34559,       0,       0,       0,       0
     413,       1,     366,   51289,  423683,   35130,       0,       0,       0,       0
     414,       1,     364,   51695,  426388,   34499,       0,       0,       0,       0
     415,       1,     360,   51676,  428217,   35177,       0,       0,       0,       0
     416,       1,     369,   52093,  430415,   35043,       0,       0,       0,       0
     417,       1,     366,   52393,  432663,   34994,       0,       0,       0,       0
     418,       1,     366,   52597,  434848,   35107,       0,       0,       0,       0
     419,       1,     371,   52938,  437371,   34746,       0,       0,       0,       0
     420,       1,     365,   53035,  439622,   34918,       0,       0,       0,       0
     421,       1,     375,   53185,  441337,   35563,       0,       0,       0,       0
     422,       1,     366,   53712,  443541,   35367,       0,       0,       0,       0
     423,       1,     373,   54042,  445794,   35309,       0,       0,       0,       0
     424,       1,     376,   54056,  447970,   35654,       0,       0,       0,       0
     425,       1,     373,   54393,  450180,   35654,       0,       0,       0,       0
     426,       1,     380,   54716,  452594,   35460,       0,       0,       0,       0
     427,       1,     364,   54493,  454670,   36179,       0,       0,       0,       0
     428,       1,     381,   55236,  457223,   35428,       0,       0,       0,       0
     429,       1,     376,   55257,  459703,   35500,       0,       0,       0,       0
     430,       1,     384,   56001,  460900,   36125,       0,       0,       0,       0
     431,       1,     374,   56022,  463738,   35856,       0,       0,       0,       0
     432,       1,     383,   56271,  465992,   35930,       0,       0,       0,       0
     433,       1,     382,   56163,  468197,   36426,       0,       0,       0,       0
     434,       1,     375,   56606,  470482,   36303,       0,       0,       0,       0
     435,       1,     391,   57213,  473017,   35749,       0,       0,       0,       0
     436,       1,     380,   57123,  474910,   36567,       0,       0,       0,       0
     437,       1,     390,   57586,  477246,   36374,       0,       0,       0,       0
     438,       1,     379,   57878,  480037,   35924,       0,       0,       0,       0
     439,       1,     383,   57977,  481726,   36760,       0,       0,       0,       0
     440,       1,     389,   58324,  484273,   36494,       0,       0,       0,       0
     441,       1,     388,   58386,  486988,   36358,       0,       0,       0,       0
     442,       1,     387,   58853,  488753,   36773,       0,       0,       0,       0
     443,       1,     388,   59022,  491512,   36496,       0,       0,       0,       0
     444,       1,     384,   59239,  493822,   36631,       0,       0,       0,       0
     445,       1,     391,   59410,  495755,   37184,       0,       0,       0,       0
     446,       1,     392,   59704,  498381,   36933,       0,       0,       0,       0
     447,       1,     389,   59926,  500803,   36968,       0,       0,       0,       0
     448,       1,     400,   60491,  502733,   37144,       0,       0,       0,       0
     449,       1,     390,   60804,  504638,   37624,       0,       0,       0,       0
     450,       1,     399,   61095,  507535,   37121,       0,       0,       0,       0
     451,       1,     393,   60931,  509912,   37614,       0,       0,       0,       0
     452,       1,     397,   61312,  512898,   36949,       0,       0,       0,       0
     453,       1,     400,   61633,  515074,   37161,       0,       0,       0,       0
     454,       1,     402,   62252,  517156,   37176,       0,       0,       0,       0
     455,       1,     399,   62220,  519686,   37405,       0,       0,       0,       0
     456,       1,     393,   62573,  522049,   37425,       0,       0,       0,       0
     457,       1,     410,   62955,  524171,   37640,       0,       0,       0,       0
     458,       1,     399,   63031,  527078,   37410,       0,       0,       0,       0
     459,       1,     403,   63556,  529256,   37451,       0,       0,       0,       0
     460,       1,     405,   63506,  531424,   38085,       0,       0,       0,       0
     461,       1,     404,   63988,  534045,   37743,       0,       0,       0,       0
     462,       1,     407,   64127,  536543,   37869,       0,       0,       0,       0
     463,       1,     404,   64600,  538463,   38251,       0,       0,       0,       0
     464,       1,     415,   64982,  541266,   37833,       0,       0,       0,       0
     465,       1,     403,   64901,  543859,   38117,       0,       0,       0,       0
     466,       1,     411,   65263,  545923,   38473,       0,       0,       0,       0
     467,       1,     408,   65530,  548785,   38143,       0,       0,       0,       0
     468,       1,     411,   65833,  551297,   38127,       0,       0,       0,       0
     469,       1,     412,   65996,  553557,   38511,       0,       0,       0,       0
     470,       1,     416,   66583,  555899,   38392,       0,       0,       0,       0
     471,       1,     410,   66834,  558893,   37973,       0,       0,       0,       0
     472,       1,     421,   67075,  561127,   38313,       0,       0,       0,       0
     473,       1,     415,   67301,  563726,   38326,       0,       0,       0,       0
     474,       1,     411,   67747,  565822,   38626,       0,       0,       0,       0
     475,       1,     423,   67682,  568203,   39142,       0,       0,       0,       0
     476,       1,     419,   68068,  570762,   39051,       0,       0,       0,       0
     477,       1,     419,   68665,  573510,   38562,       0,       0,       0,       0
     478,       1,     417,   68794,  576034,   38773,       0,       0,       0,       0
     479,       1,     424,   69111,  578732,   38619,       0,       0,       0,       0
     480,       1,     420,   69257,  581573,   38510,       0,       0,       0,       0
     481,       1,     425,   69444,  583621,   39150,       0,       0,       0,       0
     482,       1,     421,   70015,  586096,   38994,       0,       0,       0,       0
     483,       1,     418,   70088,  588597,   39315,       0,       0,       0,       0
     484,       1,     432,   70721,  590967,   39196,       0,       0,       0,       0
     485,       1,     426,   70646,  593706,   39442,       0,       0,       0,       0
     486,       1,     429,   71222,  596359,   39120,       0,       0,       0,       0
     487,       1,     426,   70986,  598956,   39678,       0,       0,       0,       0
     488,       1,     432,   71944,  601336,   39256,       0,       0,       0,       0
     489,       1,     428,   71862,  604304,   39302,       0,       0,       0,       0
     490,       1,     426,   71885,  606637,   39882,       0,       0,       0,       0
     491,       1,     439,   72651,  609258,   39422,       0,       0,       0,       0
     492,       1,     427,   72894,  611706,   39689,       0,       0,       0,       0
     493,       1,     431,   72967,  614744,   39526,       0,       0,       0,       0
     494,       1,     435,   72999,  617287,   39905,       0,       0,       0,       0
     495,       1,     434,   73843,  620087,   39226,       0,       0,       0,       0
     496,       1,     437,   73704,  622422,   39997,       0,       0,       0,       0
     497,       1,     436,   74411,  624982,   39707,       0,       0,       0,       0
     498,       1,     431,   74810,  627698,   39579,       0,       0,       0,       0
     499,       1,     446,   74741,  630045,   40274,       0,       0,       0,       0
     500,       1,     432,   75024,  632994,   40050,       0,       0,       0,       0
     501,       1,     447,   75322,  635877,   39854,       0,       0,       0,       0
     502,       1,     439,   75881,  637897,   40289,       0,       0,       0,       0
     503,       1,     435,   76030,  640917,   40136,       0,       0,       0,       0
     504,       1,     449,   76370,  643670,   40047,       0,       0,       0,       0
     505,       1,     438,   76544,  646289,   40289,       0,       0,       0,       0
     506,       1,     450,   77105,  649330,   39705,       0,       0,       0,       0
     507,       1,     444,   77337,  651723,   40122,       0,       0,       0,       0
     508,       1,     449,   77834,  653445,   40940,       0,       0,       0,       0
     509,       1,     445,   77791,  656809,   40671,       0,       0,       0,       0
     510,       1,     450,   78305,  659339,   40676,       0,       0,       0,       0
     511,       1,     448,   78396,  661831,   41155,       0,       0,       0,       0
     512,       1,     451,   78893,  665099,   40453,       0,       0,       0,       0
     513,       1,     452,   79202,  667718,   40596,       0,       0,       0,       0
     514,       1,     442,   79232,  670448,   40924,       0,       0,       0,       0
     515,       1,     462,   79918,  672916,   40834,       0,       0,       0,       0
     516,       1,     448,   79831,  675983,   40958,       0,       0,       0,       0
     517,       1,     459,   79958,  678598,   41301,       0,       0,       0,       0
     518,       1,     456,   80760,  681279,   40923,       0,       0,       0,       0
     519,       1,     453,   80913,  684236,   40924,       0,       0,       0,       0
     520,       1,     459,   81390,  686480,   41311,       0,       0,       0,       0
     521,       1,     462,   81725,  689484,   41089,       0,       0,       0,       0
     522,       1,     461,   82056,  692486,   40883,       0,       0,       0,       0
     523,       1,     456,   82145,  695461,   40956,       0,       0,       0,       0
     524,       1,     459,   82687,  697650,   41360,       0,       0,       0,       0
     525,       1,     460,   82644,  701228,   40968,       0,       0,       0,       0
     526,       1,     463,   83152,  703024,   41811,       0,       0,       0,       0
     527,       1,     463,   83496,  706235,   41412,       0,       0,       0,       0
     528,       1,     472,   83866,  709027,   41403,       0,       0,       0,       0
     529,       1,     455,   83721,  711884,   41876,       0,       0,       0,       0
     530,       1,     464,   84321,  714940,   41385,       0,       0,       0,       0
     531,       1,     471,   84461,  717781,   41577,       0,       0,       0,       0
     532,       1,     466,   85227,  719889,   41894,       0,       0,       0,       0
     533,       1,     473,   85445,  723281,   41469,       0,       0,       0,       0
     534,       1,     463,   86154,  725711,   41538,       0,       0,       0,       0
     535,       1,     476,   86157,  728518,   41919,       0,       0,       0,       0
     536,       1,     471,   86386,  731236,   42187,       0,       0,       0,       0
     537,       1,     471,   86780,  734925,   41320,       0,       0,       0,       0
     538,       1,     470,   86858,  737234,   42156,       0,       0,       0,       0
     539,       1,     474,   87159,  740011,   42302,       0,       0,       0,       0
     540,       1,     477,   87943,  743100,   41660,       0,       0,       0,       0
     541,       1,     468,   87583,  745990,   42379,       0,       0,       0,       0
     542,       1,     485,   88712,  748280,   42189,       0,       0,       0,       0
     543,       1,     469,   88511,  751812,   42126,       0,       0,       0,       0
     544,       1,     488,   89193,  754236,   42259,       0,       0,       0,       0
     545,       1,     478,   88969,  757897,   42096,       0,       0,       0,       0
     546,       1,     474,   89494,  760969,   41773,       0,       0,       0,       0
     547,       1,     486,   90312,  762748,   42440,       0,       0,       0,       0
     548,       1,     475,   90118,  766473,   42202,       0,       0,       0,       0
     549,       1,     488,   90817,  769308,   41943,       0,       0,       0,       0
     550,       1,     477,   90716,  771809,   42848,       0,       0,       0,       0
     551,       1,     485,   91197,  775121,   42347,       0,       0,       0,       0
     552,       1,     485,   91414,  778014,   42543,       0,       0,       0,       0
     553,       1,     487,   91404,  780476,   43401,       0,       0,       0,       0
     554,       1,     487,   92816,  782982,   42801,       0,       0,       0,       0
     555,       1,     491,   92673,  786876,   42370,       0,       0,       0,       0
     556,       1,     488,   92847,  789339,   43066,       0,       0,       0,       0
     557,       1,     485,   92976,  792601,   43014,       0,       0,       0,       0
     558,       1,     495,   93740,  795864,   42319,       0,       0,       0,       0
     559,       1,     491,   93633,  798189,   43453,       0,       0,       0,       0
     560,       1,     496,   94630,  801254,   42740,       0,       0,       0,       0
     561,       1,     485,   94843,  804458,   42694,       0,       0,       0,       0
     562,       1,     498,   94873,  806897,   43578,       0,       0,       0,       0
     563,       1,     493,   95605,  810170,   42950,       0,       0,       0,       0
     564,       1,     499,   95629,  813502,   42966,       0,       0,       0,       0
     565,       1,     489,   95288,  817009,   43194,       0,       0,       0,       0
     566,       1,     502,   96387,  819641,   42840,       0,       0,       0,       0
     567,       1,     496,   96508,  822461,   43301,       0,       0,       0,       0
     568,       1,     498,   97126,  825055,   43489,       0,       0,       0,       0
     569,       1,     506,   97462,  828045,   43563,       0,       0,       0,       0
     570,       1,     497,   97334,  831639,   43520,       0,       0,       0,       0
     571,       1,     512,   98008,  834008,   43882,       0,       0,       0,       0
     572,       1,     490,   98080,  837921,   43345,       0,       0,       0,       0
     573,       1,     513,   99172,  840683,   42900,       0,       0,       0,       0
     574,       1,     506,   99213,  843581,   43406,       0,       0,       0,       0
     575,       1,     501,   99281,  847130,   43238,       0,       0,       0,       0
     576,       1,     516,  100065,  849537,   43482,       0,       0,       0,       0
     577,       1,     498,   99730,  852936,   43892,       0,       0,       0,       0
     578,       1,     513,  100649,  855928,   43428,       0,       0,       0,       0
     579,       1,     507,  100443,  859577,   43459,       0,       0,       0,       0
     580,       1,     517,  101417,  861552,   43974,       0,       0,       0,       0
     581,       1,     507,  101387,  865126,   43920,       0,       0,       0,       0
     582,       1,     516,  102146,  868621,   43143,       0,       0,       0,       0
     583,       1,     508,  101926,  871740,   43744,       0,       0,       0,       0
     584,       1,     511,  102335,  875080,   43490,       0,       0,       0,       0
     585,       1,     515,  102766,  877847,   43792,       0,       0,       0,       0
     586,       1,     519,  103459,  880533,   43919,       0,       0,       0,       0
     587,       1,     516,  103461,  883695,   44274,       0,       0,       0,       0
     588,       1,     515,  104053,  886931,   43969,       0,       0,       0,       0
     589,       1,     516,  104508,  889612,   44360,       0,       0,       0,       0
     590,       1,     521,  104787,  893466,   43756,       0,       0,       0,       0
     591,       1,     521,  104701,  897010,   43838,       0,       0,       0,       0
     592,       1,     514,  105166,  899508,   44428,       0,       0,       0,       0
     593,       1,     524,  105460,  902737,   44447,       0,       0,       0,       0
     594,       1,     518,  106021,  905917,   44270,       0,       0,       0,       0
     595,       1,     530,  106574,  908484,   44702,       0,       0,       0,       0
     596,       1,     526,  106792,  911960,   44582,       0,       0,       0,       0
     597,       1,     518,  106953,  915684,   44281,       0,       0,       0,       0
     598,       1,     536,  107605,  918240,   44637,       0,       0,       0,       0
     599,       1,     516,  108029,  921807,   44254,       0,       0,       0,       0
     600,       1,     537,  108603,  925120,   43940,       0,       0,       0,       0
     601,       1,     522,  108224,  928380,   44674,       0,       0,       0,       0
     602,       1,     530,  109171,  930858,   44847,       0,       0,       0,       0
     603,       1,     536,  109490,  934610,   44382,       0,       0,       0,       0
     604,       1,     526,  109614,  937806,   44690,       0,       0,       0,       0
     605,       1,     532,  110247,  940656,   44825,       0,       0,       0,       0
     606,       1,     530,  110250,  944422,   44688,       0,       0,       0,       0
     607,       1,     542,  110690,  947435,   44859,       0,       0,       0,       0
     608,       1,     528,  111026,  951218,   44396,       0,       0,       0,       0
     609,       1,     533,  111283,  954496,   44504,       0,       0,       0,       0
     610,       1,     539,  111668,  957015,   45248,       0,       0,       0,       0
     611,       1,     540,  112121,  960186,   45283,       0,       0,       0,       0
     612,       1,     539,  113151,  963466,   44640,       0,       0,       0,       0
     613,       1,     534,  112365,  967607,   44962,       0,       0,       0,       0
     614,       1,     545,  113360,  970453,   44788,       0,       0,       0,       0
     615,       1,     535,  113369,  974120,   44806,       0,       0,       0,       0
     616,       1,     541,  114030,  976666,   45283,       0,       0,       0,       0
     617,       1,     548,  114733,  980209,   44726,       0,       0,       0,       0
     618,       1,     540,  114928,  983772,   44678,       0,       0,       0,       0
     619,       1,     545,  115057,  986429,   45595,       0,       0,       0,       0
     620,       1,     549,  115797,  990048,   44946,       0,       0,       0,       0
     621,       1,     539,  115860,  993299,   45362,       0,       0,       0,       0
     622,       1,     557,  116346,  996747,   45136,       0,       0,       0,       0
     623,       1,     539,  116333, 1000023,   45623,       0,       0,       0,       0
     624,       1,     550,  116867, 1003820,   45019,       0,       0,       0,       0
     625,       1,     551,  117235, 1006648,   45566,       0,       0,       0,       0
     626,       1,     543,  118044, 1010236,   44927,       0,       0,       0,       0
     627,       1,     564,  118275, 1013299,   45368,       0,       0,       0,       0
     628,       1,     544,  118317, 1016962,   45445,       0,       0,       0,       0
     629,       1,     560,  119415, 1019323,   45738,       0,       0,       0,       0
     630,       1,     554,  119423, 1023189,   45644,       0,       0,       0,       0
     631,       1,     559,  119735, 1026437,   45859,       0,       0,       0,       0
     632,       1,     555,  119792, 1030285,   45744,       0,       0,       0,       0
     633,       1,     557,  120351, 1033574,   45686,       0,       0,       0,       0
     634,       1,     561,  121056, 1036405,   45944,       0,       0,       0,       0
     635,       1,     547,  121003, 1040563,   45657,       0,       0,       0,       0
     636,       1,     565,  121572, 1043668,   45775,       0,       0,       0,       0
     637,       1,     556,  121362, 1047124,   46354,       0,       0,       0,       0
     638,       1,     568,  122905, 1050041,   45704,       0,       0,       0,       0
     639,       1,     557,  122699, 1054260,   45530,       0,       0,       0,       0
     640,       1,     563,  122911, 1057236,   46170,       0,       0,       0,       0
     641,       1,     566,  123461, 1061036,   45657,       0,       0,       0,       0
     642,       1,     565,  123779, 1064930,   45292,       0,       0,       0,       0
     643,       1,     566,  124181, 1067691,   45980,       0,       0,       0,       0
     644,       1,     571,  124802, 1071022,   45881,       0,       0,       0,       0
     645,       1,     561,  124988, 1074481,   46110,       0,       0,       0,       0
     646,       1,     569,  125433, 1077939,   46069,       0,       0,       0,       0
     647,       1,     570,  125806, 1081750,   45760,       0,       0,       0,       0
     648,       1,     568,  126077, 1085224,   45899,       0,       0,       0,       0
     649,       1,     579,  126301, 1088128,   46648,       0,       0,       0,       0
     650,       1,     561,  126684, 1092357,   45948,       0,       0,       0,       0
     651,       1,     586,  127744, 1095358,   45762,       0,       0,       0,       0
     652,       1,     559,  127593, 1099649,   45555,       0,       0,       0,       0
     653,       1,     580,  128175, 1102282,   46231,       0,       0,       0,       0
     654,       1,     580,  128737, 1105716,   46153,       0,       0,       0,       0
     655,       1,     572,  129003, 1108881,   46654,       0,       0,       0,       0
     656,       1,     581,  129243, 1112976,   46240,       0,       0,       0,       0
     657,       1,     569,  129434, 1116842,   46131,       0,       0,       0,       0
     658,       1,     588,  130373, 1119268,   46689,       0,       0,       0,       0
     659,       1,     583,  130574, 1123368,   46341,       0,       0,       0,       0
     660,       1,     580,  131368, 1127187,   45685,       0,       0,       0,       0
     661,       1,     575,  130955, 1130722,   46528,       0,       0,       0,       0
     662,       1,     583,  131576, 1133919,   46668,       0,       0,       0,       0
     663,       1,     587,  132435, 1137656,   46040,       0,       0,       0,       0
     664,       1,     573,  132144, 1141174,   46805,       0,       0,       0,       0
     665,       1,     594,  133057, 1144258,   46771,       0,       0,       0,       0
     666,       1,     583,  133480, 1148604,   46003,       0,       0,       0,       0
     667,       1,     586,  133250, 1151969,   46861,       0,       0,       0,       0
     668,       1,     590,  134268, 1155550,   46260,       0,       0,       0,       0
     669,       1,     586,  134451, 1159545,   46094,       0,       0,       0,       0
     670,       1,     589,  134777, 1162420,   46904,       0,       0,       0,       0
     671,       1,     595,  134989, 1166571,   46555,       0,       0,       0,       0
     672,       1,     587,  135749, 1169447,   46953,       0,       0,       0,       0
     673,       1,     591,  135880, 1172981,   47316,       0,       0,       0,       0
     674,       1,     592,  136878, 1176060,   47276,       0,       0,       0,       0
     675,       1,     598,  137035, 1180720,   46497,       0,       0,       0,       0
     676,       1,     599,  136892, 1184444,   46965,       0,       0,       0,       0
     677,       1,     590,  137762, 1187776,   46828,       0,       0,       0,       0
     678,       1,     607,  138949, 1190823,   46639,       0,       0,       0,       0
     679,       1,     587,  138318, 1195090,   47091,       0,       0,       0,       0
     680,       1,     605,  139390, 1198226,   46939,       0,       0,       0,       0
     681,       1,     595,  139264, 1202636,   46745,       0,       0,       0,       0
     682,       1,     601,  139665, 1206011,   47049,       0,       0,       0,       0
     683,       1,     602,  139982, 1209552,   47282,       0,       0,       0,       0
     684,       1,     593,  140565, 1213810,   46548,       0,       0,       0,       0
     685,       1,     612,  140684, 1216885,   47439,       0,       0,       0,       0
     686,       1,     598,  141123, 1221476,   46533,       0,       0,       0,       0
     687,       1,     602,  141837, 1224610,   46797,       0,       0,       0,       0
     688,       1,     603,  141725, 1227958,   47682,       0,       0,       0,       0
     689,       1,     610,  142406, 1231749,   47331,       0,       0,       0,       0
     690,       1,     605,  143265, 1235306,   47054,       0,       0,       0,       0
     691,       1,     600,  142946, 1239591,   47233,       0,       0,       0,       0
     692,       1,     617,  144017, 1242968,   46914,       0,       0,       0,       0
     693,       1,     598,  143577, 1247097,   47396,       0,       0,       0,       0
     694,       1,     614,  145035, 1249568,   47609,       0,       0,       0,       0
     695,       1,     612,  144940, 1254156,   47282,       0,       0,       0,       0
     696,       1,     611,  145648, 1258156,   46745,       0,       0,       0,       0
     697,       1,     609,  145270, 1261639,   47818,       0,       0,       0,       0
     698,       1,     617,  146072, 1265063,   47766,       0,       0,       0,       0
     699,       1,     614,  146754, 1268810,   47528,       0,       0,       0,       0
     700,       1,     615,  146803, 1272578,   47904,       0,       0,       0,       0
     701,       1,     613,  147602, 1276502,   47383,       0,       0,       0,       0
     702,       1,     623,  148291, 1280312,   47080,       0,       0,       0,       0
     703,       1,     618,  148691, 1283706,   47503,       0,       0,       0,       0
     704,       1,     611,  148847, 1287732,   47546,       0,       0,       0,       0
     705,       1,     628,  149569, 1291550,   47213,       0,       0,       0,       0
     706,       1,     616,  149275, 1295493,   47806,       0,       0,       0,       0
     707,       1,     629,  149762, 1299145,   47890,       0,       0,       0,       0
     708,       1,     619,  150712, 1302681,   47656,       0,       0,       0,       0
     709,       1,     623,  150762, 1306897,   47634,       0,       0,       0,       0
     710,       1,     624,  151408, 1310345,   47793,       0,       0,       0,       0
     711,       1,     628,  151510, 1314714,   47578,       0,       0,       0,       0
     712,       1,     631,  152402, 1318215,   47448,       0,       0,       0,       0
     713,       1,     619,  152184, 1322067,   48098,       0,       0,       0,       0
     714,       1,     638,  153522, 1325778,   47308,       0,       0,       0,       0
     715,       1,     621,  153311, 1329642,   47956,       0,       0,       0,       0
     716,       1,     639,  154512, 1332966,   47703,       0,       0,       0,       0
     717,       1,     625,  154384, 1337333,   47774,       0,       0,       0,       0
     718,       1,     635,  155067, 1340486,   48230,       0,       0,       0,       0
     719,       1,     631,  155028, 1345589,   47478,       0,       0,       0,       0
     720,       1,     619,  155541, 1349001,   47879,       0,       0,       0,       0
     721,       1,     645,  156128, 1352538,   48049,       0,       0,       0,       0
     722,       1,     630,  156191, 1356583,   48282,       0,       0,       0,       0
     723,       1,     644,  157353, 1360276,   47745,       0,       0,       0,       0
     724,       1,     633,  157309, 1364078,   48336,       0,       0,       0,       0
     725,       1,     639,  157843, 1367902,   48316,       0,       0,       0,       0
     726,       1,     644,  158837, 1371467,   48102,       0,       0,       0,       0
     727,       1,     641,  158405, 1375888,   48472,       0,       0,       0,       0
     728,       1,     633,  159504, 1379822,   47809,       0,       0,       0,       0
     729,       1,     650,  159972, 1384054,   47460,       0,       0,       0,       0
     730,       1,     638,  160049, 1387711,   48112,       0,       0,       0,       0
     731,       1,     638,  160501, 1391529,   48222,       0,       0,       0,       0
     732,       1,     649,  161285, 1395426,   47916,       0,       0,       0,       0
     733,       1,     644,  160816, 1399748,   48460,       0,       0,       0,       0
     734,       1,     654,  162250, 1403040,   48122,       0,       0,       0,       0
     735,       1,     645,  162282, 1407810,   47733,       0,       0,       0,       0
     736,       1,     653,  163084, 1410594,   48549,       0,       0,       0,       0
     737,       1,     640,  163064, 1415329,   48263,       0,       0,       0,       0
     738,       1,     654,  163770, 1419017,   48277,       0,       0,       0,       0
     739,       1,     647,  163800, 1423051,   48648,       0,       0,       0,       0
     740,       1,     653,  164693, 1426763,   48471,       0,       0,       0,       0
     741,       1,     655,  164968, 1431661,   47736,       0,       0,       0,       0
     742,       1,     649,  165224, 1434868,   48725,       0,       0,       0,       0
     743,       1,     656,  166248, 1438787,   48227,       0,       0,       0,       0
     744,       1,     651,  166444, 1443228,   48053,       0,       0,       0,       0
     745,       1,     664,  166787, 1447201,   48188,       0,       0,       0,       0
     746,       1,     652,  167337, 1451064,   48257,       0,       0,       0,       0
     747,       1,     656,  167491, 1455267,   48372,       0,       0,       0,       0
     748,       1,     662,  168254, 1458489,   48863,       0,       0,       0,       0
     749,       1,     649,  168179, 1463050,   48878,       0,       0,       0,       0
     750,       1,     673,  169458, 1467009,   48110,       0,       0,       0,       0
     751,       1,     654,  168892, 1471129,   49075,       0,       0,       0,       0
     752,       1,     661,  169868, 1474808,   48919,       0,       0,       0,       0
     753,       1,     660,  170199, 1479656,   48253,       0,       0,       0,       0
     754,       1,     667,  170930, 1483041,   48648,       0,       0,       0,       0
     755,       1,     662,  171295, 1487739,   48114,       0,       0,       0,       0
     756,       1,     665,  171787, 1491205,   48683,       0,       0,       0,       0
     757,       1,     667,  172261, 1495019,   48929,       0,       0,       0,       0
     758,       1,     668,  173060, 1499292,   48398,       0,       0,       0,       0
     759,       1,     668,  173036, 1503893,   48369,       0,       0,       0,       0
     760,       1,     668,  173626, 1507380,   48846,       0,       0,       0,       0
     761,       1,     669,  173820, 1512085,   48506,       0,       0,       0,       0
     762,       1,     664,  174430, 1516184,   48368,       0,       0,       0,       0
     763,       1,     679,  174268, 1520796,   48475,       0,       0,       0,       0
     764,       1,     669,  175311, 1524067,   48749,       0,       0,       0,       0
     765,       1,     673,  175921, 1528264,   48522,       0,       0,       0,       0
     766,       1,     667,  175760, 1532426,   49117,       0,       0,       0,       0
     767,       1,     680,  176573, 1536596,   48717,       0,       0,       0,       0
     768,       1,     668,  176961, 1540977,   48562,       0,       0,       0,       0
     769,       1,     674,  177196, 1545227,   48679,       0,       0,       0,       0
     770,       1,     688,  178338, 1548545,   48819,       0,       0,       0,       0
     771,       1,     668,  178183, 1554051,   48108,       0,       0,       0,       0
     772,       1,     688,  178744, 1557384,   48820,       0,       0,       0,       0
     773,       1,     675,  178985, 1561890,   48718,       0,       0,       0,       0
     774,       1,     687,  180198, 1565117,   48904,       0,       0,       0,       0
     775,       1,     688,  180607, 1569269,   48986,       0,       0,       0,       0
     776,       1,     676,  180838, 1573712,   48974,       0,       0,       0,       0
     777,       1,     687,  181375, 1578257,   48537,       0,       0,       0,       0
     778,       1,     683,  181924, 1581872,   49039,       0,       0,       0,       0
     779,       1,     688,  182268, 1586560,   48670,       0,       0,       0,       0
     780,       1,     690,  182872, 1590612,   48686,       0,       0,       0,       0
     781,       1,     689,  183516, 1594480,   48855,       0,       0,       0,       0
     782,       1,     687,  183999, 1598437,   49103,       0,       0,       0,       0
     783,       1,     692,  184021, 1603413,   48792,       0,       0,       0,       0
     784,       1,     687,  184720, 1606767,   49442,       0,       0,       0,       0
     785,       1,     691,  185290, 1611188,   49151,       0,       0,       0,       0
     786,       1,     687,  186242, 1614983,   49118,       0,       0,       0,       0
     787,       1,     694,  185414, 1620522,   49116,       0,       0,       0,       0
     788,       1,     695,  186705, 1624267,   48801,       0,       0,       0,       0
     789,       1,     693,  186729, 1628963,   48811,       0,       0,       0,       0
     790,       1,     700,  187297, 1633125,   48808,       0,       0,       0,       0
     791,       1,     694,  188062, 1636286,   49628,       0,       0,       0,       0
     792,       1,     698,  188688, 1640995,   49035,       0,       0,       0,       0
     793,       1,     694,  188463, 1645531,   49480,       0,       0,       0,       0
     794,       1,     707,  190128, 1649649,   48442,       0,       0,       0,       0
     795,       1,     689,  189554, 1654568,   48879,       0,       0,       0,       0
     796,       1,     700,  190276, 1658422,   49062,       0,       0,       0,       0
     797,       1,     708,  190743, 1662990,   48795,       0,       0,       0,       0
     798,       1,     703,  191436, 1667234,   48645,       0,       0,       0,       0
     799,       1,     706,  191839, 1670722,   49539,       0,       0,       0,       0
     800,       1,     696,  192028, 1675667,   49209,       0,       0,       0,       0
     801,       1,     707,  193251, 1679405,   49037,       0,       0,       0,       0
     802,       1,     705,  192891, 1684294,   49316,       0,       0,       0,       0
     803,       1,     705,  193424, 1688732,   49157,       0,       0,       0,       0
     804,       1,     715,  194337, 1693161,   48623,       0,       0,       0,       0
     805,       1,     699,  193759, 1697646,   49556,       0,       0,       0,       0
     806,       1,     713,  195346, 1701159,   49272,       0,       0,       0,       0
     807,       1,     713,  195826, 1706244,   48543,       0,       0,       0,       0
     808,       1,     712,  196261, 1709618,   49577,       0,       0,       0,       0
     809,       1,     711,  196723, 1714367,   49215,       0,       0,       0,       0
     810,       1,     714,  197080, 1718856,   49220,       0,       0,       0,       0
     811,       1,     710,  197350, 1723352,   49318,       0,       0,       0,       0
     812,       1,     717,  197960, 1728015,   48904,       0,       0,       0,       0
     813,       1,     715,  198537, 1732576,   48640,       0,       0,       0,       0
     814,       1,     719,  198977, 1736404,   49246,       0,       0,       0,       0
     815,       1,     721,  199820, 1740970,   48719,       0,       0,       0,       0
     816,       1,     706,  199833, 1745876,   48705,       0,       0,       0,       0
     817,       1,     721,  199759, 1749964,   49572,       0,       0,       0,       0
     818,       1,     725,  201322, 1753643,   49228,       0,       0,       0,       0
     819,       1,     723,  201283, 1758210,   49610,       0,       0,       0,       0
     820,       1,     716,  202199, 1762158,   49667,       0,       0,       0,       0
     821,       1,     728,  202392, 1767123,   49417,       0,       0,       0,       0
     822,       1,     717,  202715, 1772523,   48631,       0,       0,       0,       0
     823,       1,     725,  203072, 1776467,   49254,       0,       0,       0,       0
     824,       1,     719,  203623, 1780949,   49165,       0,       0,       0,       0
     825,       1,     726,  204207, 1784713,   49754,       0,       0,       0,       0
     826,       1,     736,  205010, 1789015,   49589,       0,       0,       0,       0
     827,       1,     723,  205132, 1794147,   49304,       0,       0,       0,       0
     828,       1,     734,  206276, 1797761,   49497,       0,       0,       0,       0
     829,       1,     720,  205532, 1802972,   50012,       0,       0,       0,       0
     830,       1,     735,  207046, 1806633,   49796,       0,       0,       0,       0
     831,       1,     741,  207560, 1811986,   48903,       0,       0,       0,       0
     832,       1,     719,  207807, 1816170,   49480,       0,       0,       0,       0
     833,       1,     738,  208883, 1819599,   49948,       0,       0,       0,       0
     834,       1,     732,  209179, 1825149,   49106,       0,       0,       0,       0
     835,       1,     738,  210056, 1828759,   49617,       0,       0,       0,       0
     836,       1,     735,  209811, 1834330,   49304,       0,       0,       0,       0
     837,       1,     739,  210482, 1839201,   48774,       0,       0,       0,       0
     838,       1,     732,  210810, 1843471,   49205,       0,       0,       0,       0
     839,       1,     746,  211472, 1847657,   49371,       0,       0,       0,       0
     840,       1,     733,  211752, 1852807,   48988,       0,       0,       0,       0
     841,       1,     742,  211959, 1857480,   49139,       0,       0,       0,       0
     842,       1,     742,  213003, 1861196,   49425,       0,       0,       0,       0
     843,       1,     739,  213423, 1865889,   49367,       0,       0,       0,       0
     844,       1,     744,  213787, 1870156,   49789,       0,       0,       0,       0
     845,       1,     747,  214217, 1874344,   50232,       0,       0,       0,       0
     846,       1,     742,  215302, 1879561,   49005,       0,       0,       0,       0
     847,       1,     750,  215128, 1883894,   49914,       0,       0,       0,       0
     848,       1,     748,  216435, 1888550,   49035,       0,       0,       0,       0
     849,       1,     742,  216472, 1893769,   48873,       0,       0,       0,       0
     850,       1,     753,  217063, 1897559,   49575,       0,       0,       0,       0
     851,       1,     742,  216945, 1902565,   49798,       0,       0,       0,       0
     852,       1,     758,  218000, 1906774,   49624,       0,       0,       0,       0
     853,       1,     745,  217575, 1912052,   49896,       0,       0,       0,       0
     854,       1,     744,  218970, 1916047,   49625,       0,       0,       0,       0
     855,       1,     766,  220393, 1920110,   49241,       0,       0,       0,       0
     856,       1,     743,  219803, 1925335,   49759,       0,       0,       0,       0
     857,       1,     764,  220586, 1929686,   49740,       0,       0,       0,       0
     858,       1,     752,  221136, 1934916,   49114,       0,       0,       0,       0
     859,       1,     759,  222048, 1938447,   49812,       0,       0,       0,       0
     860,       1,     756,  222202, 1943601,   49661,       0,       0,       0,       0
     861,       1,     758,  222487, 1948273,   49862,       0,       0,       0,       0
     862,       1,     761,  223279, 1952575,   49931,       0,       0,       0,       0
     863,       1,     753,  223447, 1957852,   49666,       0,       0,       0,       0
     864,       1,     767,  225019, 1962191,   48919,       0,       0,       0,       0
     865,       1,     759,  223835, 1967519,   49967,       0,       0,       0,       0
     866,       1,     768,  225803, 1971382,   49317,       0,       0,       0,       0
     867,       1,     760,  225991, 1976033,   49682,       0,       0,       0,       0
     868,       1,     769,  225574, 1981367,   49958,       0,       0,       0,       0
     869,       1,     762,  227093, 1984860,   50161,       0,       0,       0,       0
     870,       1,     771,  227404, 1990336,   49579,       0,       0,       0,       0
     871,       1,     762,  227822, 1994642,   50084,       0,       0,       0,       0
     872,       1,     764,  228525, 1999556,   49691,       0,       0,       0,       0
     873,       1,     769,  229071, 2004235,   49693,       0,       0,       0,       0
     874,       1,     772,  228896, 2009659,   49679,       0,       0,       0,       0
     875,       1,     770,  229644, 2014405,   49431,       0,       0,       0,       0
     876,       1,     772,  230926, 2018592,   49210,       0,       0,       0,       0
     877,       1,     776,  231061, 2023167,   49752,       0,       0,       0,       0
     878,       1,     764,  231307, 2027801,   50146,       0,       0,       0,       0
     879,       1,     787,  232118, 2032494,   49887,       0,       0,       0,       0
     880,       1,     762,  231779, 2038529,   49490,       0,       0,       0,       0
     881,       1,     777,  232825, 2042390,   49848,       0,       0,       0,       0
     882,       1,     780,  233364, 2047740,   49242,       0,       0,       0,       0
     883,       1,     765,  233530, 2052452,   49671,       0,       0,       0,       0
     884,       1,     784,  234649, 2056699,   49584,       0,       0,       0,       0
     885,       1,     771,  235140, 2061800,   49309,       0,       0,       0,       0
     886,       1,     788,  235626, 2065597,   50319,       0,       0,       0,       0
     887,       1,     775,  235275, 2071817,   49779,       0,       0,       0,       0
     888,       1,     780,  237049, 2075640,   49499,       0,       0,       0,       0
     889,       1,     782,  236823, 2080049,   50642,       0,       0,       0,       0
     890,       1,     781,  238025, 2085591,   49233,       0,       0,       0,       0
     891,       1,     785,  238083, 2091446,   48656,       0,       0,       0,       0
     892,       1,     780,  238203, 2095246,   50087,       0,       0,       0,       0
     893,       1,     793,  239591, 2099614,   49670,       0,       0,       0,       0
     894,       1,     786,  239738, 2104965,   49537,       0,       0,       0,       0
     895,       1,     789,  240537, 2108722,   50342,       0,       0,       0,       0
     896,       1,     789,  240892, 2114503,   49576,       0,       0,       0,       0
     897,       1,     789,  241568, 2118646,   50133,       0,       0,       0,       0
     898,       1,     794,  242786, 2123004,   49934,       0,       0,       0,       0
     899,       1,     787,  241857, 2129785,   49477,       0,       0,       0,       0
     900,       1,     793,  243714, 2133551,   49242,       0,       0,       0,       0
     901,       1,     784,  242920, 2138987,   50009,       0,       0,       0,       0
     902,       1,     796,  244341, 2143053,   49916,       0,       0,       0,       0
     903,       1,     800,  244489, 2148528,   49701,       0,       0,       0,       0
     904,       1,     795,  245479, 2152404,   50258,       0,       0,       0,       0
     905,       1,     792,  245838, 2157546,   50184,       0,       0,       0,       0
     906,       1,     804,  246747, 2162849,   49390,       0,       0,       0,       0
     907,       1,     792,  246804, 2167639,   49991,       0,       0,       0,       0
     908,       1,     808,  248124, 2172283,   49453,       0,       0,       0,       0
     909,       1,     794,  248059, 2177721,   49542,       0,       0,       0,       0
     910,       1,     801,  247953, 2182956,   49860,       0,       0,       0,       0
     911,       1,     801,  249333, 2186681,   50215,       0,       0,       0,  